-- phpMyAdmin SQL Dump
-- version 3.2.4
-- http://www.phpmyadmin.net
--
-- Host: localhost
-- Generation Time: Jun 04, 2013 at 08:52 PM
-- Server version: 5.1.44
-- PHP Version: 5.3.1

SET SQL_MODE="NO_AUTO_VALUE_ON_ZERO";


/*!40101 SET @OLD_CHARACTER_SET_CLIENT=@@CHARACTER_SET_CLIENT */;
/*!40101 SET @OLD_CHARACTER_SET_RESULTS=@@CHARACTER_SET_RESULTS */;
/*!40101 SET @OLD_COLLATION_CONNECTION=@@COLLATION_CONNECTION */;
/*!40101 SET NAMES utf8 */;

--
-- Database: `etalase`
--

-- --------------------------------------------------------

--
-- Table structure for table `iklan`
--

CREATE TABLE IF NOT EXISTS `iklan` (
  `id_iklan` int(11) NOT NULL AUTO_INCREMENT,
  `id_user` int(11) NOT NULL,
  `id_kategori` int(11) NOT NULL,
  `judul` varchar(255) NOT NULL,
  `tipe` varchar(255) NOT NULL COMMENT 'tipe iklan, 1 dicari, 2 dijual, 3 disewakan, 4 jasa',
  `harga` varchar(255) NOT NULL,
  `id_provinsi` int(11) NOT NULL,
  `id_kota` int(11) NOT NULL,
  `p_utama` int(11) NOT NULL COMMENT 'berupa id, isinya menentukan apakah foto 1,2,3,4,5,atau6',
  `kondisi` int(11) NOT NULL COMMENT '1 = baru, 2 = bekas',
  `deskripsi` varchar(10000) NOT NULL,
  `status_nego` int(11) NOT NULL COMMENT '1 = boleh nego, 0 = tidak boleh nego',
  `photo1` varchar(1000) DEFAULT NULL,
  `photo2` varchar(1000) DEFAULT NULL,
  `photo3` varchar(1000) DEFAULT NULL,
  `photo4` varchar(1000) DEFAULT NULL,
  `photo5` varchar(1000) DEFAULT NULL,
  `photo6` varchar(1000) DEFAULT NULL,
  `waktu_tayang` timestamp NOT NULL DEFAULT CURRENT_TIMESTAMP ON UPDATE CURRENT_TIMESTAMP,
  PRIMARY KEY (`id_iklan`)
) ENGINE=InnoDB  DEFAULT CHARSET=latin1 AUTO_INCREMENT=2 ;

--
-- Dumping data for table `iklan`
--

INSERT INTO `iklan` (`id_iklan`, `id_user`, `id_kategori`, `judul`, `tipe`, `harga`, `id_provinsi`, `id_kota`, `p_utama`, `kondisi`, `deskripsi`, `status_nego`, `photo1`, `photo2`, `photo3`, `photo4`, `photo5`, `photo6`, `waktu_tayang`) VALUES
(1, 1, 1, 'Mobil Aku', '2', '30000000', 1, 1, 1, 1, 'Ini adalah punya saya yang Ini adalah punya saya yang Ini adalah punya saya yang Ini adalah punya saya yang Ini adalah punya saya yang Ini adalah punya saya yang Ini adalah punya saya yang Ini adalah punya saya yang Ini adalah punya saya yang Ini adalah punya saya yang Ini adalah punya saya yang Ini adalah punya saya yang Ini adalah punya saya yang Ini adalah punya saya yang Ini adalah punya saya yang Ini adalah punya saya yang Ini adalah punya saya yang Ini adalah punya saya yang Ini adalah punya saya yang Ini adalah punya saya yang Ini adalah punya saya yang Ini adalah punya saya yang Ini adalah punya saya yang Ini adalah punya saya yang Ini adalah punya saya yang Ini adalah punya saya yang Ini adalah punya saya yang Ini adalah punya saya yang Ini adalah punya saya yang Ini adalah punya saya yang Ini adalah punya saya yang Ini adalah punya saya yang Ini adalah punya saya yang Ini adalah punya saya yang Ini adalah punya saya yang Ini adalah punya saya yang Ini adalah punya saya yang Ini adalah punya saya yang Ini adalah punya saya yang Ini adalah punya saya yang Ini adalah punya saya yang Ini adalah punya saya yang Ini adalah punya saya yang Ini adalah punya saya yang Ini adalah punya saya yang Ini adalah punya saya yang Ini adalah punya saya yang Ini adalah punya saya yang Ini adalah punya saya yang Ini adalah punya saya yang Ini adalah punya saya yang Ini adalah punya saya yang Ini adalah punya saya yang Ini adalah punya saya yang Ini adalah punya saya yang Ini adalah punya saya yang Ini adalah punya saya yang Ini adalah punya saya yang Ini adalah punya saya yang Ini adalah punya saya yang Ini adalah punya saya yang Ini adalah punya saya yang Ini adalah punya saya yang Ini adalah punya saya yang Ini adalah punya saya yang Ini adalah punya saya yang Ini adalah punya saya yang Ini adalah punya saya yang Ini adalah punya saya yang Ini adalah punya saya yang Ini adalah punya saya yang Ini adalah punya saya yang Ini adalah punya saya yang Ini adalah punya saya yang In', 1, NULL, NULL, NULL, NULL, NULL, NULL, '2013-05-20 14:33:45');

-- --------------------------------------------------------

--
-- Table structure for table `kategori`
--

CREATE TABLE IF NOT EXISTS `kategori` (
  `id_kategori` int(11) NOT NULL AUTO_INCREMENT,
  `nama_kategori` varchar(255) NOT NULL,
  PRIMARY KEY (`id_kategori`)
) ENGINE=InnoDB  DEFAULT CHARSET=latin1 AUTO_INCREMENT=43 ;

--
-- Dumping data for table `kategori`
--

INSERT INTO `kategori` (`id_kategori`, `nama_kategori`) VALUES
(1, 'Mobil'),
(2, 'Alat-alat Musik'),
(3, 'Anak dan Bayi'),
(4, 'Buku'),
(5, 'Elektronik Konsumen'),
(6, 'Fashion Pria'),
(7, 'Fashion Wanita'),
(8, 'Film'),
(9, 'Fotografi'),
(10, 'Games dan Consoles'),
(11, 'Handicrafts'),
(12, 'Handphone dan Gadget'),
(13, 'Handphone Aksesoris'),
(14, 'Hewan Piaraan dan Aksesoris'),
(15, 'Jam dan Perhiasan'),
(16, 'Jasa'),
(17, 'Kesehatan dan Kecantikan'),
(18, 'Koleksi'),
(19, 'Konstruksi dan Taman'),
(20, 'Liburan dan Bepergian'),
(21, 'Lowongan Pekerjaan'),
(22, 'Makanan dan Minuman'),
(23, 'Mobil dan Aksesoris'),
(24, 'Mobil dan Onderdil'),
(25, 'Motor dan Sekuter'),
(29, 'TV dan Audio'),
(30, 'Sepeda dan Aksesoris'),
(31, 'Musik'),
(32, 'Olahraga Air dan Perahu'),
(33, 'Olahraga dan Kesehatan'),
(34, 'Peluang Usaha'),
(35, 'Perangkat Keras Komputer'),
(36, 'Perlengkapan Lunak Komputer'),
(37, 'Perlengkapan Rumah'),
(38, 'Properti'),
(39, 'Seni dan Antik'),
(40, 'Serba-serbi'),
(41, 'Telekom'),
(42, 'Lain-lain');

-- --------------------------------------------------------

--
-- Table structure for table `kota`
--

CREATE TABLE IF NOT EXISTS `kota` (
  `id_kota` int(11) NOT NULL AUTO_INCREMENT,
  `id_provinsi` int(11) NOT NULL,
  `nama_kota` varchar(255) NOT NULL,
  PRIMARY KEY (`id_kota`)
) ENGINE=InnoDB  DEFAULT CHARSET=latin1 AUTO_INCREMENT=501 ;

--
-- Dumping data for table `kota`
--

INSERT INTO `kota` (`id_kota`, `id_provinsi`, `nama_kota`) VALUES
(1, 1, 'Aceh Barat Daya Kab.'),
(2, 1, 'Aceh Barat Kab.'),
(3, 1, 'Aceh Besar Kab.'),
(4, 1, 'Aceh Jaya Kab.'),
(5, 1, 'Aceh Selatan Kab.'),
(6, 1, 'Aceh Singkil Kab.'),
(7, 1, 'Aceh Tamiang Kab.'),
(8, 1, 'Aceh Tengah Kab.'),
(9, 1, 'Aceh Tenggara Kab.'),
(10, 1, 'Aceh Timur Kab.'),
(11, 1, 'Aceh Utara Kab.'),
(12, 1, 'Banda Aceh Kota'),
(13, 1, 'Bener Meriah Kab.'),
(14, 1, 'Bireuen Kab.'),
(15, 1, 'Gayo Lues Kab.'),
(16, 1, 'Langsa Kota'),
(17, 1, 'Lhokseumawe Kota'),
(18, 1, 'Nagan Raya Kab.'),
(19, 1, 'Pidie Jaya Kab.'),
(20, 1, 'Pidie Kab.'),
(21, 1, 'Sabang Kota'),
(22, 1, 'Simeulue Kab.'),
(23, 1, 'Subulussalam Kota'),
(24, 2, 'Badung Kab.'),
(25, 2, 'Bangli Kab.'),
(26, 2, 'Buleleng Kab.'),
(27, 2, 'Denpasar Kota'),
(28, 2, 'Gianyar Kab.'),
(29, 2, 'Jembrana Kab.'),
(30, 2, 'Karangasem Kab.'),
(31, 2, 'Klungkung Kab.'),
(32, 2, 'Tabanan Kab.'),
(33, 3, 'Bangka Barat Kab.'),
(34, 3, 'Bangka Kab.'),
(35, 3, 'Bangka Selatan Kab.'),
(36, 3, 'Bangka Tengah Kab.'),
(37, 3, 'Belitung Kab.'),
(38, 3, 'Belitung Timur Kab.'),
(39, 3, 'Pangkal Pinang Kota'),
(40, 4, 'Cilegon Kota'),
(41, 4, 'Lebak Kab.'),
(42, 4, 'Pandeglang Kab.'),
(43, 4, 'Pendeglang Kab.'),
(44, 4, 'Serang Kab.'),
(45, 4, 'Serang Kota'),
(46, 4, 'Tangerang Kab.'),
(47, 4, 'Tangerang Kota'),
(48, 4, 'Tangerang Selatan Kota'),
(49, 5, 'Bengkulu Kota'),
(50, 5, 'Bengkulu Selatan Kab.'),
(51, 5, 'Bengkulu Tengah Kab.'),
(52, 5, 'Bengkulu Utara Kab.'),
(53, 5, 'Kaur Kab.'),
(54, 5, 'Kepahiang Kab.'),
(55, 5, 'Lebong Kab.'),
(56, 5, 'Mukomuko Kab.'),
(57, 5, 'Rejang Lebong Kab.'),
(58, 5, 'Seluma Kab.'),
(59, 6, 'Boalemo Kab.'),
(60, 6, 'Bone Bolango Kab.'),
(61, 6, 'Gorontalo Kab.'),
(62, 6, 'Gorontalo Kota'),
(63, 6, 'Gorontalo Utara Kab.'),
(64, 6, 'Pohuwato Kab.'),
(65, 7, 'Jakarta Barat'),
(66, 7, 'Jakarta Pusat'),
(67, 7, 'Jakarta Selatan'),
(68, 7, 'Jakarta Timur'),
(69, 7, 'Jakarta Utara'),
(70, 7, 'Kepulauan Seribu'),
(71, 8, 'Batang Hari Kab.'),
(72, 8, 'Bungo Kab.'),
(73, 8, 'Jambi Kota'),
(74, 8, 'Kerinci Kab.'),
(75, 8, 'Merangin Kab.'),
(76, 8, 'Muaro Jambi Kab.'),
(77, 8, 'Sarolangun Kab.'),
(78, 8, 'Sungai Penuh Kota'),
(79, 8, 'Tanjung Jabung Barat Kab.'),
(80, 8, 'Tanjung Jabung Timur Kab.'),
(81, 8, 'Tebo Kab.'),
(82, 9, 'Bandung Barat Kab.'),
(83, 9, 'Bandung Kab.'),
(84, 9, 'Bandung Kota'),
(85, 9, 'Banjar Kota'),
(86, 9, 'Bekasi Kab.'),
(87, 9, 'Bekasi Kota'),
(88, 9, 'Bogor Kab.'),
(89, 9, 'Bogor Kota'),
(90, 9, 'Ciamis Kab.'),
(91, 9, 'Cianjur Kab.'),
(92, 9, 'Cimahi Kota'),
(93, 9, 'Cirebon Kab.'),
(94, 9, 'Cirebon Kota'),
(95, 9, 'Depok Kota'),
(96, 9, 'Garut Kab.'),
(97, 9, 'Indramayu Kab.'),
(98, 9, 'Karawang Kab.'),
(99, 9, 'Kerawang Kab.'),
(100, 9, 'Kuningan Kab.'),
(101, 9, 'Majalengka Kab.'),
(102, 9, 'Purwakarta Kab.'),
(103, 9, 'Subang Kab.'),
(104, 9, 'Sukabumi Kab.'),
(105, 9, 'Sukabumi Kota'),
(106, 9, 'Sumedang Kab.'),
(107, 9, 'Tasikmalaya Kab.'),
(108, 9, 'Tasikmalaya Kota'),
(109, 10, 'Banjarnegara Kab.'),
(110, 10, 'Banyumas Kab.'),
(111, 10, 'Batang Kab.'),
(112, 10, 'Blora Kab.'),
(113, 10, 'Boyolali Kab.'),
(114, 10, 'Brebes Kab.'),
(115, 10, 'Cilacap Kab.'),
(116, 10, 'Demak Kab.'),
(117, 10, 'Grobogan Kab.'),
(118, 10, 'Jepara Kab.'),
(119, 10, 'Karanganyar Kab.'),
(120, 10, 'Kebumen Kab.'),
(121, 10, 'Kendal Kab.'),
(122, 10, 'Klaten Kab.'),
(123, 10, 'Kudus Kab.'),
(124, 10, 'Magelang Kab.'),
(125, 10, 'Magelang Kota'),
(126, 10, 'Pati Kab.'),
(127, 10, 'Pekalongan Kab.'),
(128, 10, 'Pekalongan Kota'),
(129, 10, 'Pemalang Kab.'),
(130, 10, 'Purbalingga Kab.'),
(131, 10, 'Purworejo Kab.'),
(132, 10, 'Rembang Kab.'),
(133, 10, 'Salatiga Kota'),
(134, 10, 'Semarang Kab.'),
(135, 10, 'Semarang Kota'),
(136, 10, 'Sragen Kab.'),
(137, 10, 'Sukoharjo Kab.'),
(138, 10, 'Surakarta Kota'),
(139, 10, 'Tegal Kab.'),
(140, 10, 'Tegal Kota'),
(141, 10, 'Temanggung Kab.'),
(142, 10, 'Wonogiri Kab.'),
(143, 10, 'Wonosobo Kab.'),
(144, 11, 'Bangkalan  Kab.'),
(145, 11, 'Banyuwangi  Kab.'),
(146, 11, 'Batu Kota'),
(147, 11, 'Blitar Kab.'),
(148, 11, 'Blitar Kota'),
(149, 11, 'Bojonegoro Kab. '),
(150, 11, 'Bondowoso Kab. '),
(151, 11, 'Gresik Kab. '),
(152, 11, 'Jember Kab.'),
(153, 11, 'Jombang  Kab.'),
(154, 11, 'Kediri  Kab.'),
(155, 11, 'Kediri Kota'),
(156, 11, 'Lamongan  Kab.'),
(157, 11, 'Lumajang Kab. '),
(158, 11, 'Madiun Kab. '),
(159, 11, 'Madiun Kota'),
(160, 11, 'Magetan Kab. '),
(161, 11, 'Malang Kab.'),
(162, 11, 'Malang Kota'),
(163, 11, 'Mojokerto Kab. '),
(164, 11, 'Mojokerto Kota'),
(165, 11, 'Nganjuk Kab. '),
(166, 11, 'Ngawi Kab. '),
(167, 11, 'Pacitan Kab. '),
(168, 11, 'Pamekasan Kab. '),
(169, 11, 'Pasuruan Kab. '),
(170, 11, 'Pasuruan Kota'),
(171, 11, 'Ponorogo Kab. '),
(172, 11, 'Probolinggo Kab. '),
(173, 11, 'Probolinggo Kota'),
(174, 11, 'Sampang Kab. '),
(175, 11, 'Sidoarjo  Kab.'),
(176, 11, 'Situbondo Kab. '),
(177, 11, 'Sumenep Kab. '),
(178, 11, 'Surabaya Kota'),
(179, 11, 'Trenggalek Kab. '),
(180, 11, 'Tuban Kab.'),
(181, 11, 'Tulungagung Kab. '),
(182, 12, 'Bengkayang Kab.'),
(183, 12, 'Kapuas Hulu Kab.'),
(184, 12, 'Kayong Utara Kab.'),
(185, 12, 'Ketapang Kab.'),
(186, 12, 'Kubu Raya Kab.'),
(187, 12, 'Landak Kab.'),
(188, 12, 'Melawi Kab.'),
(189, 12, 'Pontianak Kab.'),
(190, 12, 'Pontianak Kota'),
(191, 12, 'Sambas Kab.'),
(192, 12, 'Sanggau Kab.'),
(193, 12, 'Sekadau Kab.'),
(194, 12, 'Singkawang Kota'),
(195, 12, 'Sintang Kab.'),
(196, 13, 'Balanngan Kab.'),
(197, 13, 'Banjar Kab.'),
(198, 13, 'Banjarbaru Kota'),
(199, 13, 'Banjarmasin Kota'),
(200, 13, 'Barito Kuala Kab.'),
(201, 13, 'Hulu Sungai Selatan Kab.'),
(202, 13, 'Hulu Sungai Tengah Kab.'),
(203, 13, 'Hulu Sungai Utara Kab.'),
(204, 13, 'Kotabaru Kab.'),
(205, 13, 'Tabalong Kab.'),
(206, 13, 'Tanah Bumbu Kab.'),
(207, 13, 'Tanah Laut Kab.'),
(208, 13, 'Tapin  Kab.'),
(209, 14, 'Barito Selatan Kab.'),
(210, 14, 'Barito Timur Kab.'),
(211, 14, 'Barito Utara Kab.'),
(212, 14, 'Gunung Mas Kab.'),
(213, 14, 'Kapuas Kab.'),
(214, 14, 'Katingan Kab.'),
(215, 14, 'Kotawaringin Barat Kab.'),
(216, 14, 'Kotawaringin Timur Kab.'),
(217, 14, 'Lamandau Kab.'),
(218, 14, 'Murung Raya Kab.'),
(219, 14, 'Palangkaraya Kota'),
(220, 14, 'Pulang Pisau Kab.'),
(221, 14, 'Seruyan Kab.'),
(222, 14, 'Sukamara Kab.'),
(223, 15, 'Balikpapan Kota'),
(224, 15, 'Berau Kab.'),
(225, 15, 'Bontang Kota'),
(226, 15, 'Bulungan Kab.'),
(227, 15, 'Kutai Barat Kab.'),
(228, 15, 'Kutai Kartanegara Kab.'),
(229, 15, 'Kutai Timur Kab.'),
(230, 15, 'Malinau Kab.'),
(231, 15, 'Nunukan Kab.'),
(232, 15, 'Paser Kab.'),
(233, 15, 'Penajam Paser Utara Kab.'),
(234, 15, 'Samarinda Kota'),
(235, 15, 'Tana Tidung Kab.'),
(236, 15, 'Tarakan Kota'),
(237, 16, 'Batam Kota'),
(238, 16, 'Bintan Kab.'),
(239, 16, 'Karimun Kab.'),
(240, 16, 'Kepulauan Anambas Kab.'),
(241, 16, 'Lingga Kab.'),
(242, 16, 'Natuna Kab.'),
(243, 16, 'Tanjung Pinang Kota'),
(244, 17, 'Bandar Lampung Kota'),
(245, 17, 'Lampung Barat Kab.'),
(246, 17, 'Lampung Selatan Kab.'),
(247, 17, 'Lampung Tengah Kab.'),
(248, 17, 'Lampung Timur Kab.'),
(249, 17, 'Lampung Utara Kab.'),
(250, 17, 'Mesuji Kab.'),
(251, 17, 'Metro Kota'),
(252, 17, 'Pesawaran Kab.'),
(253, 17, 'Pringsewu Kab.'),
(254, 17, 'Tanggamus Kab.'),
(255, 17, 'Tulang Bawang Barat Kab.'),
(256, 17, 'Tulang Bawang Kab.'),
(257, 17, 'Way Kanan Kab.'),
(258, 18, 'Ambon Kota'),
(259, 18, 'Buru Kab.'),
(260, 18, 'Buru Selatan Kab.'),
(261, 18, 'Kepulauan Aru Kab.'),
(262, 18, 'Maluku Barat Daya Kab.'),
(263, 18, 'Maluku Tengah Kab.'),
(264, 18, 'Maluku Tenggara Barat Kab.'),
(265, 18, 'Maluku Tenggara Kab.'),
(266, 18, 'Seram Bagian Barat Kab.'),
(267, 18, 'Seram Bagian Timur Kab.'),
(268, 18, 'Tual Kab.'),
(269, 19, 'Halmahera Barat Kab.'),
(270, 19, 'Halmahera Selatan Kab.'),
(271, 19, 'Halmahera Tengah Kab.'),
(272, 19, 'Halmahera Timur Kab.'),
(273, 19, 'Halmahera Utara Kab.'),
(274, 19, 'Kepuluan Sula Kab.'),
(275, 19, 'Pulau Morotai Kab.'),
(276, 19, 'Ternate Kota'),
(277, 19, 'Tidore Kepulauan Kota'),
(278, 20, 'Bima Kab.'),
(279, 20, 'Bima Kota'),
(280, 20, 'Dompu Kab.'),
(281, 20, 'Lombok Barat Kab.'),
(282, 20, 'Lombok Tengah Kab.'),
(283, 20, 'Lombok Timur Kab.'),
(284, 20, 'Lombok Utara Kab.'),
(285, 20, 'Mataram Kota'),
(286, 20, 'Sumbawa Barat Kab.'),
(287, 20, 'Sumbawa Kab.'),
(288, 21, 'Alor Kab.'),
(289, 21, 'Belu Kab.'),
(290, 21, 'Ende Kab.'),
(291, 21, 'Flores Timur Kab.'),
(292, 21, 'Kupang Kab.'),
(293, 21, 'Kupang Kota'),
(294, 21, 'Lembata Kab.'),
(295, 21, 'Manggarai  Kab.'),
(296, 21, 'Manggarai Barat Kab.'),
(297, 21, 'Manggarai Timur Kab.'),
(298, 21, 'Nagekeo Kab.'),
(299, 21, 'Ngada Kab.'),
(300, 21, 'Rote Ndao Kab.'),
(301, 21, 'Sabu Raijua Kab.'),
(302, 21, 'Sikka Kab.'),
(303, 21, 'Sumba Barat Daya Kab.'),
(304, 21, 'Sumba Barat Kab.'),
(305, 21, 'Sumba Tengah Kab.'),
(306, 21, 'Sumba Timur Kab.'),
(307, 21, 'Timor Tengah Selatan Kab.'),
(308, 21, 'Timor Tengah Utara Kab.'),
(309, 22, 'Asmat Kab.'),
(310, 22, 'Biak Numfor Kab.'),
(311, 22, 'Boven Digoel Kab.'),
(312, 22, 'Deiyai Kab.'),
(313, 22, 'Dogiyai Kab.'),
(314, 22, 'Intan Jaya Kab.'),
(315, 22, 'Jayapura Kab.'),
(316, 22, 'Jayapura Kota'),
(317, 22, 'Jayawijaya Kab.'),
(318, 22, 'Keerom Kab.'),
(319, 22, 'Lanny Jaya Kab.'),
(320, 22, 'Mamberamo Raya Kab.'),
(321, 22, 'Mamberamo Tengah Kab.'),
(322, 22, 'Mappi Kab.'),
(323, 22, 'Merauke Kab.'),
(324, 22, 'Mimika Kab.'),
(325, 22, 'Nabire Kab.'),
(326, 22, 'Nduga Kab.'),
(327, 22, 'Paniai Kab.'),
(328, 22, 'Pengunungan Bintang Kab.'),
(329, 22, 'Puncak Jaya Kab.'),
(330, 22, 'Puncak Kab.'),
(331, 22, 'Sarmi Kab.'),
(332, 22, 'Supiori Kab.'),
(333, 22, 'Tolikara Kab.'),
(334, 22, 'Waropen Kab.'),
(335, 22, 'Yahukimo Kab.'),
(336, 22, 'Yalimo Kab.'),
(337, 22, 'Yapen Waropen Kab.'),
(338, 23, 'Fakfak Kab.'),
(339, 23, 'Kaimana Kab.'),
(340, 23, 'Manokwari Kab.'),
(341, 23, 'Maybrat Kab.'),
(342, 23, 'Raja Ampat Kab.'),
(343, 23, 'Sorong Kab.'),
(344, 23, 'Sorong Kota'),
(345, 23, 'Sorong Selatan Kab.'),
(346, 23, 'Tambrauw Kab.'),
(347, 23, 'Teluk Bintuni Kab.'),
(348, 23, 'Teluk Wondama Kab.'),
(349, 24, 'Bengkalis Kab.'),
(350, 24, 'Dumai Kota'),
(351, 24, 'Indragiri Hilir Kab.'),
(352, 24, 'Indragiri Hulu Kab.'),
(353, 24, 'Kampar Kab.'),
(354, 24, 'Kepulauan Meranti Kab.'),
(355, 24, 'Kuantan Singingi Kab.'),
(356, 24, 'Pekanbaru Kota'),
(357, 24, 'Pelalawan Kab.'),
(358, 24, 'Rokan Hilir Kab.'),
(359, 24, 'Rokan Hulu Kab.'),
(360, 24, 'Siak Kab.'),
(361, 25, 'Majene'),
(362, 25, 'Mamasa'),
(363, 25, 'Mamuju'),
(364, 25, 'Mamuju Utara'),
(365, 25, 'Polewali Mandar'),
(366, 26, 'Bantaeng Kab.'),
(367, 26, 'Barru Kab.'),
(368, 26, 'Bone Kab.'),
(369, 26, 'Bulukumba Kab.'),
(370, 26, 'Enrekang Kab.'),
(371, 26, 'Gowa Kab.'),
(372, 26, 'Jenepronto Kab.'),
(373, 26, 'Kepulauan Selayar Kab.'),
(374, 26, 'Luwu Kab.'),
(375, 26, 'Luwu Timur Kab.'),
(376, 26, 'Luwu Utara Kab.'),
(377, 26, 'Makassar Kota'),
(378, 26, 'Maros Kab.'),
(379, 26, 'Palopo Kota'),
(380, 26, 'Pangkajene dan Kepulauan Kab.'),
(381, 26, 'Pare-Pare Kota'),
(382, 26, 'Pinrang Kab.'),
(383, 26, 'Sidenreng Rappang Kab.'),
(384, 26, 'Sinjai Kab.'),
(385, 26, 'Soppeng Kab.'),
(386, 26, 'Takalar Kab.'),
(387, 26, 'Tana Toraja Kab.'),
(388, 26, 'Toraja Utara Kab.'),
(389, 26, 'Wajo Kab.'),
(390, 27, 'Banggai Kab.'),
(391, 27, 'Banggai Kepulauan Kab.'),
(392, 27, 'Buol Kab.'),
(393, 27, 'Donggala Kab.'),
(394, 27, 'Morowali Kab.'),
(395, 27, 'Palu Kota'),
(396, 27, 'Parigi Moutong Kab.'),
(397, 27, 'Poso Kab.'),
(398, 27, 'Sigi Kab.'),
(399, 27, 'Tojo Una-una Kab.'),
(400, 27, 'Toli-Toli Kab.'),
(401, 28, 'Bau-Bau Kota'),
(402, 28, 'Bombana Kab.'),
(403, 28, 'Buton Kab.'),
(404, 28, 'Buton Utara Kab.'),
(405, 28, 'Kendari Kota'),
(406, 28, 'Kolaka Kab.'),
(407, 28, 'Kolaka Utara Kab.'),
(408, 28, 'Konawe Kab.'),
(409, 28, 'Konawe Selatan Kab.'),
(410, 28, 'Konawe Utara Kab.'),
(411, 28, 'Muna Kab.'),
(412, 28, 'Wakatobi Kab.'),
(413, 29, 'Bitung Kota'),
(414, 29, 'Bitung Kota'),
(415, 29, 'Bolaang Mongondow Kab.'),
(416, 29, 'Bolaang Mongondow Selatan Kab.'),
(417, 29, 'Bolaang Mongondow Timur Kab.'),
(418, 29, 'Bolaang Mongondow Utara Kab.'),
(419, 29, 'Kepulauan Sangihe Kab.'),
(420, 29, 'Kepulauan Siau Tagulandang Biaro Kab.'),
(421, 29, 'Kepulauan Talaud Kab.'),
(422, 29, 'Kotamobagu Kota'),
(423, 29, 'Manado Kota'),
(424, 29, 'Minahasa Kab.'),
(425, 29, 'Minahasa Selatan Kab.'),
(426, 29, 'Minahasa Tenggara Kab.'),
(427, 29, 'Minahasa Utara Kab.'),
(428, 29, 'Tomohon Kota'),
(429, 30, 'Agam Kab.'),
(430, 30, 'Bukittinggi Kota'),
(431, 30, 'Dharmasraya Kab.'),
(432, 30, 'Kepulauan Mentawai Kab.'),
(433, 30, 'Lima Puluh Kota Kab.'),
(434, 30, 'Padang Kota'),
(435, 30, 'Padang Panjang Kota'),
(436, 30, 'Padang Pariaman Kab.'),
(437, 30, 'Pariaman Kota'),
(438, 30, 'Pasaman Barat Kab.'),
(439, 30, 'Pasaman Kab.'),
(440, 30, 'Payakumbuh Kota'),
(441, 30, 'Pesisir Selatan Kab.'),
(442, 30, 'Sawahlunto Kota'),
(443, 30, 'Sijunjung Kab.'),
(444, 30, 'Solok Kab.'),
(445, 30, 'Solok Kota'),
(446, 30, 'Solok Selatan Kab.'),
(447, 30, 'Tanah Datar Kab.'),
(448, 31, 'Banyuasin Kab.'),
(449, 31, 'Empat Lawang Kab.'),
(450, 31, 'Lahat Kab.'),
(451, 31, 'Lubuklinggau Kota'),
(452, 31, 'Muara Enim Kab.'),
(453, 31, 'Musi Banyuasin Kab.'),
(454, 31, 'Musi Rawas Kab.'),
(455, 31, 'Ogan Ilir Kab.'),
(456, 31, 'Ogan Komering Ilir Kab.'),
(457, 31, 'Ogan Komering Ulu Kab.'),
(458, 31, 'Ogan Komering Ulu Selatan Kab.'),
(459, 31, 'Ogan Komering Ulu Timur Kab.'),
(460, 31, 'Pagar Alam Kota'),
(461, 31, 'Palembang Kota'),
(462, 31, 'Prabumulih Kota'),
(463, 32, 'Asahan Kab.'),
(464, 32, 'Batubara Kab.'),
(465, 32, 'Binjai Kota'),
(466, 32, 'Dairi Kab.'),
(467, 32, 'Deli Serdang Kab.'),
(468, 32, 'Gunung Sitoli Kota'),
(469, 32, 'Humbang Hasundutan Kab.'),
(470, 32, 'Karo Kab.'),
(471, 32, 'Labuhanbatu Kab.'),
(472, 32, 'Labuhanbatu Selatan Kab.'),
(473, 32, 'Labuhanbatu Utara Kab.'),
(474, 32, 'Langkat Kab.'),
(475, 32, 'Mandailing Natal Kab.'),
(476, 32, 'Medan Kota'),
(477, 32, 'Nias Barat Kab.'),
(478, 32, 'Nias Kab.'),
(479, 32, 'Nias Selatan Kab.'),
(480, 32, 'Nias Utara Kab.'),
(481, 32, 'Padang Lawas Kab.'),
(482, 32, 'Padang Lawas Utara Kab.'),
(483, 32, 'Padang Sidempuan Kota'),
(484, 32, 'Pakpak Bharat Kab.'),
(485, 32, 'Pematangsiantar Kota'),
(486, 32, 'Samosir Kab.'),
(487, 32, 'Serdang Bedagai Kab.'),
(488, 32, 'Sibolga Kota'),
(489, 32, 'Simalungun Kab.'),
(490, 32, 'Tanjung Balai Kota'),
(491, 32, 'Tapanuli Selatan Kab.'),
(492, 32, 'Tapanuli Tengah Kab.'),
(493, 32, 'Tapanuli Utara Kab.'),
(494, 32, 'Tebing Tinggi Kota'),
(495, 32, 'Toba Samosir Kab.'),
(496, 33, 'Bantul Kab.'),
(497, 33, 'Gunung Kidul Kab.'),
(498, 33, 'Kulon Progo Kab.'),
(499, 33, 'Sleman Kab.'),
(500, 33, 'Yogyakarta Kota');

-- --------------------------------------------------------

--
-- Table structure for table `password_reset`
--

CREATE TABLE IF NOT EXISTS `password_reset` (
  `id_reset` int(11) NOT NULL AUTO_INCREMENT,
  `username` varchar(255) NOT NULL,
  `email` varchar(255) NOT NULL,
  `random` varchar(1000) NOT NULL,
  `used` int(11) NOT NULL COMMENT '0 = belum dipake, 1 = sudah dipake, 2=timeout',
  `time` timestamp NOT NULL DEFAULT CURRENT_TIMESTAMP,
  PRIMARY KEY (`id_reset`)
) ENGINE=InnoDB DEFAULT CHARSET=latin1 AUTO_INCREMENT=1 ;

--
-- Dumping data for table `password_reset`
--


-- --------------------------------------------------------

--
-- Table structure for table `provinsi`
--

CREATE TABLE IF NOT EXISTS `provinsi` (
  `id_provinsi` int(11) NOT NULL AUTO_INCREMENT,
  `nama_provinsi` varchar(255) NOT NULL,
  PRIMARY KEY (`id_provinsi`)
) ENGINE=InnoDB  DEFAULT CHARSET=latin1 AUTO_INCREMENT=34 ;

--
-- Dumping data for table `provinsi`
--

INSERT INTO `provinsi` (`id_provinsi`, `nama_provinsi`) VALUES
(1, 'Aceh D.I.'),
(2, 'Bali'),
(3, 'Bangka Belitung'),
(4, 'Banten'),
(5, 'Bengkulu'),
(6, 'Gorontalo'),
(7, 'Jakarta D.K.I.'),
(8, 'Jambi'),
(9, 'Jawa Barat'),
(10, 'Jawa Tengah'),
(11, 'Jawa Timur'),
(12, 'Kalimantan Barat'),
(13, 'Kalimantan Selatan'),
(14, 'Kalimantan Tengah'),
(15, 'Kalimantan Timur'),
(16, 'Kepulauan Riau'),
(17, 'Lampung'),
(18, 'Maluku'),
(19, 'Maluku Utara'),
(20, 'Nusa Tenggara Barat'),
(21, 'Nusa Tenggara Timur'),
(22, 'Papua'),
(23, 'Papua Barat'),
(24, 'Riau'),
(25, 'Sulawesi Barat'),
(26, 'Sulawesi Selatan'),
(27, 'Sulawesi Tengah'),
(28, 'Sulawesi Tenggara'),
(29, 'Sulawesi Utara'),
(30, 'Sumatra Barat'),
(31, 'Sumatra Selatan'),
(32, 'Sumatra Utara'),
(33, 'Yogyakarta D.I.');

-- --------------------------------------------------------

--
-- Table structure for table `sub_kategori`
--

CREATE TABLE IF NOT EXISTS `sub_kategori` (
  `id_sub_kategori` int(11) NOT NULL AUTO_INCREMENT,
  `id_kategori` int(11) NOT NULL,
  `nama_sub_kategori` varchar(255) NOT NULL,
  PRIMARY KEY (`id_sub_kategori`)
) ENGINE=InnoDB  DEFAULT CHARSET=latin1 AUTO_INCREMENT=1018 ;

--
-- Dumping data for table `sub_kategori`
--

INSERT INTO `sub_kategori` (`id_sub_kategori`, `id_kategori`, `nama_sub_kategori`) VALUES
(1, 1, 'Acura'),
(2, 1, 'Audi'),
(3, 1, 'Bentley'),
(4, 1, 'BMW'),
(5, 1, 'Bus'),
(6, 1, 'Chery'),
(7, 1, 'Chevrolet'),
(8, 1, 'Chrysler'),
(9, 1, 'Citroen'),
(10, 1, 'Daewoo'),
(11, 1, 'Daihatsu'),
(12, 1, 'Datsun'),
(13, 1, 'Dodge'),
(14, 1, 'Ferrari'),
(15, 1, 'Fiat'),
(16, 1, 'Ford'),
(17, 1, 'Foton'),
(18, 1, 'Geely'),
(19, 1, 'Holden'),
(20, 1, 'Honda'),
(21, 1, 'Hummer'),
(22, 1, 'Hyundai'),
(23, 1, 'Infiniti'),
(24, 1, 'Isuzu'),
(25, 1, 'Jaguar'),
(26, 1, 'Jeep'),
(27, 1, 'Kia'),
(28, 1, 'Klasik dan Antik'),
(29, 1, 'Lain lain'),
(30, 1, 'Lamborghini'),
(31, 1, 'Land Rover'),
(32, 1, 'Lexus'),
(33, 1, 'Maserati'),
(34, 1, 'Mazda'),
(35, 1, 'Mercedes-Benz'),
(36, 1, 'Mini Cooper'),
(37, 1, 'Mitsubishi'),
(38, 1, 'Mobil CBU'),
(39, 1, 'Nissan'),
(40, 1, 'Opel'),
(41, 1, 'Peugeot'),
(42, 1, 'Porsche'),
(43, 1, 'Proton'),
(44, 1, 'Renault'),
(45, 1, 'Rolls-Royce'),
(46, 1, 'Smart'),
(47, 1, 'Ssang Yong'),
(48, 1, 'Subaru'),
(49, 1, 'Suzuki'),
(50, 1, 'Tata'),
(51, 1, 'Timor'),
(52, 1, 'Toyota'),
(53, 1, 'Truk '),
(54, 1, 'Volkswagen'),
(55, 1, 'Volvo'),
(56, 2, 'Akordion'),
(57, 2, 'Aksesoris musik'),
(58, 2, 'Alat music tiup lainnya'),
(59, 2, 'Alat musik petik lainnya'),
(60, 2, 'Alat Musik Tradisonal'),
(61, 2, 'Aneka Piano'),
(62, 2, 'Box Peyimpanan dan Stands'),
(63, 2, 'Buku Musik'),
(64, 2, 'Drum &amp; perkusi'),
(65, 2, 'Drum Digital'),
(66, 2, 'Efek Gitar dan Bass'),
(67, 2, 'Film panduan musik'),
(68, 2, 'Flutes'),
(69, 2, 'Gitar Akustik'),
(70, 2, 'Gitar Bass'),
(71, 2, 'Gitar dan Bass Ampli'),
(72, 2, 'Gitar Listrik'),
(73, 2, 'Kertas Untuk Musik'),
(74, 2, 'Keyboard'),
(75, 2, 'Klarinets'),
(76, 2, 'Lainnya'),
(77, 2, 'laser dan Lampu'),
(78, 2, 'Mandolins'),
(79, 2, 'Mixer dan Microphones'),
(80, 2, 'Organ'),
(81, 2, 'Paket Studio Musik'),
(82, 2, 'Peralatan MIDI'),
(83, 2, 'Peralatan Rekaman'),
(84, 2, 'Perlengkapan Musisi'),
(85, 2, 'Profesional Speaker'),
(86, 2, 'Roland'),
(87, 2, 'Sample CD'),
(88, 2, 'Samplers'),
(89, 2, 'Saxophones'),
(90, 2, 'Set DJ'),
(91, 2, 'Sound modules'),
(92, 2, 'Synthesizers'),
(93, 2, 'Tradisional Instrument'),
(94, 2, 'Trumpets'),
(95, 2, 'Violins'),
(96, 3, 'Bayi'),
(97, 3, 'Boneka'),
(98, 3, 'Buku anak-anak'),
(99, 3, 'DVD anak-anak &amp; keluarga'),
(100, 3, 'Jasa penitipan anak &amp; bayi'),
(101, 3, 'Kado untuk anak laki-laki'),
(102, 3, 'Kado untuk anak perempuan'),
(103, 3, 'Koleksi mainan'),
(104, 3, 'Komputer &amp; video game'),
(105, 3, 'Lain lain'),
(106, 3, 'Mainan pra sekolah'),
(107, 3, 'Mainan untuk belajar'),
(108, 3, 'Majalah anak-anak'),
(109, 3, 'Musik anak-anak'),
(110, 3, 'Pakaian bayi &amp; anak-anak'),
(111, 3, 'Perlengkapan Bayi lainnya'),
(112, 3, 'Perlengkapan Ibu bayi'),
(113, 3, 'Perlengkapan Makan Bayi'),
(114, 3, 'Perlengkapan Mandi Bayi'),
(115, 3, 'Perlengkapan Tidur Bayi'),
(116, 3, 'Sepeda &amp; sekuter'),
(117, 3, 'Susu &amp; makanan bayi'),
(118, 3, 'Video anak-anak &amp; keluarga'),
(119, 3, 'Video game'),
(120, 4, 'Agama &amp; kerohanian'),
(121, 4, 'Alam &amp; sekitarnya'),
(122, 4, 'Alat Tulis Kantor'),
(123, 4, 'Biografi &amp; kenangan'),
(124, 4, 'Bisnis &amp; investasi'),
(125, 4, 'Buku anak-anak'),
(126, 4, 'Buku Import'),
(127, 4, 'Buku Sekolah'),
(128, 4, 'Desain / Arsitektur'),
(129, 4, 'Ensiklopedia'),
(130, 4, 'Fabric / Textile'),
(131, 4, 'Fiksi ilmiah &amp; fantasi'),
(132, 4, 'Flora &amp; Fauna'),
(133, 4, 'Hiburan'),
(134, 4, 'Hobi'),
(135, 4, 'Horror'),
(136, 4, 'Hukum'),
(137, 4, 'Humor &amp; karikatur'),
(138, 4, 'Ilmu pengetahuan'),
(139, 4, 'Kamus'),
(140, 4, 'Kesehatan, jiwa &amp; raga'),
(141, 4, 'Komputer &amp; internet'),
(142, 4, 'Majalah'),
(143, 4, 'Majalah Import'),
(144, 4, 'Manajemen Ekonomi &amp; Akuntansi'),
(145, 4, 'Memasak, makanan &amp; minuman'),
(146, 4, 'Misteri &amp; sensasi'),
(147, 4, 'Novel &amp; komik'),
(148, 4, 'Obral &amp; Diskon'),
(149, 4, 'Olahraga'),
(150, 4, 'Orangtua &amp; keluarga'),
(151, 4, 'Psikologi'),
(152, 4, 'Remaja'),
(153, 4, 'Romantis'),
(154, 4, 'Rumah &amp; taman'),
(155, 4, 'Sastra &amp; fiksi'),
(156, 4, 'Sejarah'),
(157, 4, 'Seni &amp; fotografi'),
(158, 4, 'Sosial &amp; politik'),
(159, 4, 'Tata Busana'),
(160, 4, 'Tehnik &amp; keahlian'),
(161, 4, 'Umum'),
(162, 4, 'Wisata'),
(163, 5, 'Alat Absensi'),
(164, 5, 'Alat Keamanan'),
(165, 5, 'Alat Memasak'),
(166, 5, 'Alat Penerangan '),
(167, 5, 'Alat Pengering'),
(168, 5, 'Alat Pengering, Penggoreng dan Pemanggang'),
(169, 5, 'Alat Penghemat energi'),
(170, 5, 'Alat Penunjuk Arah / GPS'),
(171, 5, 'Detektor Metal'),
(172, 5, 'Kipas, Ac dan Cerobong Udara'),
(173, 5, 'Lemari pendingin'),
(174, 5, 'Lemari/Box Pendingin'),
(175, 5, 'Mesin Cuci'),
(176, 5, 'Mesin Kasir'),
(177, 5, 'Mesin ketik elektronik'),
(178, 5, 'Mesin Kopi'),
(179, 5, 'Mesin Kopi/Pengganda'),
(180, 5, 'Mesin Pengering'),
(181, 5, 'Mesin roti'),
(182, 5, 'Microwaves'),
(183, 5, 'Ovens dan Pemanggang'),
(184, 5, 'Pemanas/Pemasak &amp; Ring Gas'),
(185, 5, 'Pencuci Piring'),
(186, 5, 'Peralatan elektronik lainnya'),
(187, 5, 'Peralatan pengukur elektronik'),
(188, 5, 'Perawatan pribadai dan kesehatan'),
(189, 5, 'Perlengkapan Dapur Lainnya'),
(190, 5, 'Setrika dan Papan-Setrika'),
(191, 5, 'Suku cadang elektronik'),
(192, 5, 'Timbangan dan Pengukur berat'),
(193, 5, 'Vacuum cleaners'),
(194, 6, 'Adibusana'),
(195, 6, 'Batik'),
(196, 6, 'Busana Pria Lainnya'),
(197, 6, 'Celana Bahan dan Jeans'),
(198, 6, 'Dasi'),
(199, 6, 'Dompet &amp; Ikat Pinggang'),
(200, 6, 'Jas Pernikahan dan Aksesoris'),
(201, 6, 'Kacamata pria'),
(202, 6, 'Kaos Kaki'),
(203, 6, 'Pakaian dalam'),
(204, 6, 'Pakaian Kerja'),
(205, 6, 'Pakaian Muslim'),
(206, 6, 'Pakaian Olahraga'),
(207, 6, 'Sepatu'),
(208, 6, 'Sweater dan Rompi'),
(209, 6, 'Tas pria'),
(210, 6, 'Topi'),
(211, 6, 'Tshirt'),
(212, 7, 'Aksesoris wanita'),
(213, 7, 'Atasan'),
(214, 7, 'Baju Hamil'),
(215, 7, 'Baju Ukuran Besar'),
(216, 7, 'Blouse dan Tunik'),
(217, 7, 'Busana batik'),
(218, 7, 'Busana muslimah'),
(219, 7, 'Busana Pesta'),
(220, 7, 'Celana jeans &amp; bahan'),
(221, 7, 'Dompet wanita'),
(222, 7, 'Gaun'),
(223, 7, 'Kacamata wanita'),
(224, 7, 'Kardigan'),
(225, 7, 'Kebaya'),
(226, 7, 'Kostum'),
(227, 7, 'Mantel dan Jaket'),
(228, 7, 'Pakaian Dalam dan Lingerie'),
(229, 7, 'Pakaian Olahraga'),
(230, 7, 'Pakaian Renang'),
(231, 7, 'Rompi'),
(232, 7, 'Sepatu'),
(233, 7, 'Skirt'),
(234, 7, 'Tas'),
(235, 7, 'Topi Wanita, Sarung Tangan, dan Scarf'),
(236, 8, '8mm, 16mm and 35mm film'),
(237, 8, 'Asia'),
(238, 8, 'Barat'),
(239, 8, 'Bollywood'),
(240, 8, 'DVD Aksi Laga'),
(241, 8, 'DVD Animasi dan Kartun'),
(242, 8, 'DVD Dokumenter'),
(243, 8, 'DVD Fiksi Ilmiah'),
(244, 8, 'DVD Horror'),
(245, 8, 'DVD Komedi'),
(246, 8, 'DVD Lainnya'),
(247, 8, 'DVD Musikal'),
(248, 8, 'DVD Petualangan'),
(249, 8, 'DVD Produksi Layar Lebar'),
(250, 8, 'DVD Religi'),
(251, 8, 'DVD Remaja'),
(252, 8, 'DVD Romantis'),
(253, 8, 'DVD Serial TV'),
(254, 8, 'DVD Thriller/Tegang'),
(255, 8, 'Film Laserdisk'),
(256, 8, 'Indonesia '),
(257, 8, 'Klasik'),
(258, 8, 'Musik anak-anak'),
(259, 8, 'VCD Aksi Laga'),
(260, 8, 'VCD Dokumenter'),
(261, 8, 'VCD Horor'),
(262, 8, 'VCD Kartun dan Animasi'),
(263, 8, 'VCD Komedi'),
(264, 8, 'VCD Lainnya'),
(265, 8, 'VCD Musik'),
(266, 8, 'VCD Pemujaan'),
(267, 8, 'VCD Produksi layar Lebar'),
(268, 8, 'VCD Remaja'),
(269, 8, 'VCD Serial TV'),
(270, 8, 'VCD Thriller/Tegang'),
(271, 9, 'Baterai &amp; Aksesoris'),
(272, 9, 'Blitz/Flash dan Aksesoris'),
(273, 9, 'Canon'),
(274, 9, 'Contax'),
(275, 9, 'Hasselblad'),
(276, 9, 'Kamera Bawah Air'),
(277, 9, 'Kamera Digital Canon'),
(278, 9, 'Kamera Digital Fuji'),
(279, 9, 'Kamera Digital HP'),
(280, 9, 'Kamera Digital Kodak'),
(281, 9, 'Kamera Digital Minolta'),
(282, 9, 'Kamera Digital Nikon'),
(283, 9, 'Kamera Digital Olympus'),
(284, 9, 'Kamera Digital Other Brands'),
(285, 9, 'Kamera Digital Samsung'),
(286, 9, 'Kamera Digital Sony'),
(287, 9, 'Kamera DSLR'),
(288, 9, 'Kamera Reflex'),
(289, 9, 'Kamera SLR Film'),
(290, 9, 'Kamera Untuk Keperluan Lain'),
(291, 9, 'Kamera/Perlengkapan Untuk Jurnalis'),
(292, 9, 'Kamera/Perlengkapan Untuk Studio'),
(293, 9, 'Kartu Memori'),
(294, 9, 'Kodak'),
(295, 9, 'Konica'),
(296, 9, 'Lain lain'),
(297, 9, 'Leica'),
(298, 9, 'Lensa'),
(299, 9, 'Mamiya'),
(300, 9, 'Mikroskop'),
(301, 9, 'Minolta'),
(302, 9, 'Nikkon'),
(303, 9, 'Olympus'),
(304, 9, 'Pentax'),
(305, 9, 'Penyangga/Tiang Kamera'),
(306, 9, 'Perlengkapan Ruang Gelap/Proses'),
(307, 9, 'Polaroid'),
(308, 9, 'Ricoh'),
(309, 9, 'Slide Proyektor'),
(310, 9, 'Sony'),
(311, 9, 'Spy Cam'),
(312, 9, 'Teleskop'),
(313, 9, 'Teropong'),
(314, 10, 'Aksesoris Nintendo DS'),
(315, 10, 'Aksesoris Nintendo Wii'),
(316, 10, 'Aksesoris PSP'),
(317, 10, 'Consoles lainnya'),
(318, 10, 'Game Center'),
(319, 10, 'Gamecube'),
(320, 10, 'Gamecube games'),
(321, 10, 'Games lainnya'),
(322, 10, 'Nintendo'),
(323, 10, 'Nintendo DS Games'),
(324, 10, 'Nintendo Gameboy'),
(325, 10, 'Nintendo Gameboy Games'),
(326, 10, 'Nintendo Wii Games'),
(327, 10, 'Online Games'),
(328, 10, 'PC Games'),
(329, 10, 'Playstation 1'),
(330, 10, 'Playstation 1 games'),
(331, 10, 'Playstation 2'),
(332, 10, 'Playstation 2 games'),
(333, 10, 'Playstation 3'),
(334, 10, 'Playstation 3 games'),
(335, 10, 'PSP '),
(336, 10, 'PSP Games'),
(337, 10, 'PSP MP4 Movie'),
(338, 10, 'Reparasi dan perbaikan Game console'),
(339, 10, 'Sega'),
(340, 10, 'Sega games'),
(341, 10, 'X-Box'),
(342, 10, 'X-Box games'),
(343, 11, 'Bambu'),
(344, 11, 'Barang daur ulang'),
(345, 11, 'Batu &amp; marmer'),
(346, 11, 'Besi dan Alumunium'),
(347, 11, 'Emas '),
(348, 11, 'Fiber/Serat'),
(349, 11, 'Kaca dan barang pecah belah'),
(350, 11, 'Kayu'),
(351, 11, 'Kulit'),
(352, 11, 'Kuningan'),
(353, 11, 'Ornamen Religi'),
(354, 11, 'Permata'),
(355, 11, 'Ragam'),
(356, 11, 'Rotan'),
(357, 11, 'Tanah liat'),
(358, 11, 'Tulang dan tanduk'),
(359, 12, 'Android Phone'),
(360, 12, 'Apple'),
(361, 12, 'Blackberry'),
(362, 12, 'CDMA'),
(363, 12, 'Handphone Merek Lokal'),
(364, 12, 'Hp China'),
(365, 12, 'Hp Lain'),
(366, 12, 'HTC'),
(367, 12, 'Huawei'),
(368, 12, 'Lainnya dari Handphone'),
(369, 12, 'LG'),
(370, 12, 'Motorola'),
(371, 12, 'Nexian'),
(372, 12, 'Nokia'),
(373, 12, 'O2'),
(374, 12, 'PDA dan Smartphone'),
(375, 12, 'Philips'),
(376, 12, 'Samsung'),
(377, 12, 'Siemens'),
(378, 12, 'Sony Ericsson'),
(379, 12, 'Tablet'),
(380, 12, 'Windows 7 Phone'),
(381, 13, 'Aksesoris Perangkat Lainnya'),
(382, 13, 'Alat Servis Handphone'),
(383, 13, 'Antena dan Penguat Sinyal'),
(384, 13, 'Baterai'),
(385, 13, 'Casing'),
(386, 13, 'Charger'),
(387, 13, 'Gantungan dan Hiasan Handphone'),
(388, 13, 'Headset'),
(389, 13, 'Kabel Data'),
(390, 13, 'Kartu Memori'),
(391, 13, 'Pelindung Layar'),
(392, 13, 'Perangkat Bluetooth'),
(393, 13, 'Sarung Handphone'),
(394, 13, 'Sim Card Nomor Cantik'),
(395, 13, 'Software Game HP'),
(396, 14, 'Aksesori Kuda'),
(397, 14, 'Beternak Lembu, Sapi dan Unggas'),
(398, 14, 'Burung Parkit dan Kakatua'),
(399, 14, 'Dogs and puppies'),
(400, 14, 'Dokter hewan'),
(401, 14, 'Hewan peliharaan air dan peralatan'),
(402, 14, 'Hewan Pengerat'),
(403, 14, 'Hilang dan Ditemukan'),
(404, 14, 'Ikan'),
(405, 14, 'Instruksi / Petunjuk'),
(406, 14, 'Kelinci'),
(407, 14, 'Keperluan penting peliharaan'),
(408, 14, 'Kereta Kuda dan Pelatihan'),
(409, 14, 'Kucing'),
(410, 14, 'Kuda'),
(411, 14, 'Kuda Poni'),
(412, 14, 'Lainnya'),
(413, 14, 'Makanan hewan'),
(414, 14, 'Menunggang dan Mengurus Kuda'),
(415, 14, 'Reptil, Ular dan Kadal'),
(416, 14, 'Rumah tinggal hewan'),
(417, 15, 'Batu permata'),
(418, 15, 'Casio'),
(419, 15, 'Guess'),
(420, 15, 'Jam Merek Lain'),
(421, 15, 'Lain lain'),
(422, 15, 'Peralatan dari kaca/gelas'),
(423, 15, 'Perhiasan anak-anak'),
(424, 15, 'Perhiasan berkelas'),
(425, 15, 'Perhiasan emas'),
(426, 15, 'Perhiasan perak bermutu'),
(427, 15, 'Perhiasan perunggu'),
(428, 15, 'Perhiasan pria'),
(429, 15, 'Perhiasan religius'),
(430, 15, 'Perhiasan trendi'),
(431, 15, 'Pernak pernik perhiasan'),
(432, 15, 'Pertunanganan &amp; pernikahan'),
(433, 15, 'Rolex'),
(434, 15, 'Seiko'),
(435, 15, 'Swiss Army'),
(436, 16, 'Asmara &amp; Persahabatan'),
(437, 16, 'Desain'),
(438, 16, 'Foto &amp; Multimedia'),
(439, 16, 'Hadiah &amp; Karangan Bunga'),
(440, 16, 'Hewan Peliharaan'),
(441, 16, 'Hobi &amp; Waktu luang'),
(442, 16, 'Kebutuhan Rumah Tangga'),
(443, 16, 'Kecantikan '),
(444, 16, 'Kesehatan &amp; Pengobatan'),
(445, 16, 'Klub, Asosiasi &amp; Komunitas'),
(446, 16, 'Komputer &amp; Internet'),
(447, 16, 'Makanan &amp; Minuman'),
(448, 16, 'Musik &amp; Instrumen'),
(449, 16, 'Olahraga &amp; Jasmani'),
(450, 16, 'Otomotif'),
(451, 16, 'Peluang Bisnis'),
(452, 16, 'Pendidikan &amp; Pelatihan'),
(453, 16, 'Pernikahan &amp; Wedding'),
(454, 16, 'Personal &amp; Pribadi'),
(455, 16, 'Properti &amp; Perumahan'),
(456, 16, 'Seni &amp; Pertunjukan'),
(457, 16, 'Tour &amp; Travel'),
(458, 17, 'Dupa dan minyak aromatik'),
(459, 17, 'Grosir/Borongan'),
(460, 17, 'Kartu Voucher'),
(461, 17, 'Kuku'),
(462, 17, 'Lainnya'),
(463, 17, 'Makeup'),
(464, 17, 'Mandi dan Perawatan Tubuh'),
(465, 17, 'Nutrisi dan Suplemen Diet'),
(466, 17, 'Obat Tipe OTC (Over The Counter),'),
(467, 17, 'Pengobatan'),
(468, 17, 'Perawatan Kesehatan'),
(469, 17, 'Perawatan Kulit'),
(470, 17, 'Perawatan Mata'),
(471, 17, 'Perawatan Mulut'),
(472, 17, 'Perawatan Rambut'),
(473, 17, 'Pijat'),
(474, 17, 'Potong Rambut'),
(475, 17, 'Program Berat Badan'),
(476, 17, 'Tato'),
(477, 17, 'Terapi Natural'),
(478, 17, 'Wewangian/Parfum'),
(479, 18, 'Action figure'),
(480, 18, 'Aneka barang kesenangan'),
(481, 18, 'Anime'),
(482, 18, 'Barbie'),
(483, 18, 'Batuan Fosil, Mineral dan lain lain'),
(484, 18, 'Benda Pos Indonesia'),
(485, 18, 'Benda Pos Luar Negeri'),
(486, 18, 'Bir'),
(487, 18, 'Boneka'),
(488, 18, 'Botol dan Penutup Botol'),
(489, 18, 'Dekorasi Kolektor'),
(490, 18, 'Disney'),
(491, 18, 'Figure'),
(492, 18, 'Film kartun klasik'),
(493, 18, 'Gembok - Kunci Rantai'),
(494, 18, 'Jam'),
(495, 18, 'Kartu Pos Orang Terkenal'),
(496, 18, 'Kartun'),
(497, 18, 'Kaset &amp; Piringan Hitam Lagu'),
(498, 18, 'Keramik '),
(499, 18, 'Kolektor - Tandatangan'),
(500, 18, 'Komik'),
(501, 18, 'Korek dan Pemantik Api'),
(502, 18, 'Lain lain'),
(503, 18, 'Lukisan '),
(504, 18, 'Mainan berbentuk miniatur'),
(505, 18, 'Mainan dan Macam macam Puzzle'),
(506, 18, 'Manga'),
(507, 18, 'Militeristik'),
(508, 18, 'Miniatur model'),
(509, 18, 'Mobil &amp; Formula I'),
(510, 18, 'Motor &amp; Mobil Antik'),
(511, 18, 'Olahraga'),
(512, 18, 'Patung'),
(513, 18, 'Pena dan Aksesoris Menulis'),
(514, 18, 'Pernak Pernik Selebritis'),
(515, 18, 'RC Aeromodelling'),
(516, 18, 'RC Car'),
(517, 18, 'Stiker'),
(518, 18, 'Tokatsu'),
(519, 18, 'Uang &amp; Koin'),
(520, 19, 'Air mancur'),
(521, 19, 'Bahan Bangunan'),
(522, 19, 'Kamar mandi'),
(523, 19, 'Kamar tidur'),
(524, 19, 'Kebutuhan binatang peliharaan'),
(525, 19, 'Lain lain'),
(526, 19, 'Mebel &amp; hiasan'),
(527, 19, 'Memelihara burung'),
(528, 19, 'Paving'),
(529, 19, 'Pemanas &amp; Penerangan'),
(530, 19, 'Perabotan dapur'),
(531, 19, 'Perabotan rumah'),
(532, 19, 'Peralatan kebun'),
(533, 19, 'Peralatan kerja'),
(534, 19, 'Rumput &amp; pertamanan'),
(535, 19, 'Tanaman, bibit &amp; bunga'),
(536, 20, 'Agen perjalanan'),
(537, 20, 'Akomodasi'),
(538, 20, 'Atraksi wisata'),
(539, 20, 'Buku travel'),
(540, 20, 'Klub malam'),
(541, 20, 'Oleh-oleh'),
(542, 20, 'Perlengkapan perjalanan'),
(543, 20, 'Rumah makan'),
(544, 20, 'Tiket pesawat'),
(545, 20, 'Transportasi'),
(546, 21, 'Accounting / Audit / Pajak'),
(547, 21, 'Administrasi / Juru Tulis / Sekretaris'),
(548, 21, 'Advertising / Periklanan'),
(549, 21, 'Analisa Bisnis / Data Analisis'),
(550, 21, 'Arsitektur'),
(551, 21, 'Asuransi'),
(552, 21, 'Atletik / Fitness / Olahraga / Rekreasi'),
(553, 21, 'Bangunan / Konstruksi'),
(554, 21, 'Call Centre'),
(555, 21, 'Customer Service / CS'),
(556, 21, 'Desain'),
(557, 21, 'Editorial / Jurnalisme'),
(558, 21, 'Farmasi'),
(559, 21, 'Fotografi / Video'),
(560, 21, 'Freelance'),
(561, 21, 'General Management'),
(562, 21, 'Hiburan / Artis / Penyanyi / Musisi'),
(563, 21, 'HRD / Rekrutmen'),
(564, 21, 'Hukum'),
(565, 21, 'Ilmuwan / Scientist'),
(566, 21, 'IT / Teknologi Informasi'),
(567, 21, 'Junior Eksekutif'),
(568, 21, 'Kesehatan / Kecantikan'),
(569, 21, 'Kimia'),
(570, 21, 'Kolektor / Kredit'),
(571, 21, 'Konseling'),
(572, 21, 'Konsultan Bisnis'),
(573, 21, 'Laboratorium'),
(574, 21, 'Lainnya'),
(575, 21, 'Lingkungan / Pengolahan Limbah'),
(576, 21, 'Logistik / Distribusi / Pergudangan'),
(577, 21, 'Makanan &amp; Minuman'),
(578, 21, 'Manufacturing'),
(579, 21, 'Marketing / Publik Relasi'),
(580, 21, 'Maskapai Penerbangan'),
(581, 21, 'Media &amp; Komunikasi'),
(582, 21, 'Militer / Pertahanan'),
(583, 21, 'Otomotif'),
(584, 21, 'Pariwisata / Travel'),
(585, 21, 'Pegawai Negeri Sipil / PNS'),
(586, 21, 'Pelajar / Fresh Graduate / Belum Pengalaman'),
(587, 21, 'Pelayanan Medis'),
(588, 21, 'Pembantu Rumah Tangga'),
(589, 21, 'Pendidikan'),
(590, 21, 'Penerjemah / Alih Bahasa'),
(591, 21, 'Pengadaan / Pembelian'),
(592, 21, 'Pengembangan Usaha'),
(593, 21, 'Perbankan / Keuangan / Sekuritas'),
(594, 21, 'Percetakan / Penerbitan'),
(595, 21, 'Perdagangan / Trading'),
(596, 21, 'Perhotelan'),
(597, 21, 'Pertambangan / Minyak'),
(598, 21, 'Pertanian / Kehutanan / Perikanan'),
(599, 21, 'Property / Real Estate'),
(600, 21, 'Riset / Pengembangan'),
(601, 21, 'Sales'),
(602, 21, 'Security / Keamanan'),
(603, 21, 'Sosial / Kemanusiaan / Non Profit'),
(604, 21, 'Sumber Daya Alam / Minyak &amp; Gas'),
(605, 21, 'Teknisi / Engineering'),
(606, 21, 'Telekomunikasi'),
(607, 21, 'Tenaga Ahli'),
(608, 21, 'TKI &amp; TKW'),
(609, 21, 'Top Eksekutif / CEO / CTO / GM'),
(610, 21, 'Transportasi / Pengapalan / Ekspedisi Pengiriman'),
(611, 22, 'Bubur'),
(612, 22, 'Cepat saji'),
(613, 22, 'Chinese food'),
(614, 22, 'Khas daerah'),
(615, 22, 'Kopi '),
(616, 22, 'Makanan Ringan'),
(617, 22, 'Minuman energi'),
(618, 22, 'Minuman Ringan'),
(619, 22, 'Roti &amp; Kue'),
(620, 22, 'Susu'),
(621, 22, 'Vegetarian'),
(622, 22, 'Western food'),
(623, 23, 'Aksesoris lainya'),
(624, 23, 'Alarm dan pengaman'),
(625, 23, 'Amplifier dan equalizer'),
(626, 23, 'Body dan bumper'),
(627, 23, 'Emblem dan stiker'),
(628, 23, 'Gauges'),
(629, 23, 'Head unit'),
(630, 23, 'Jok dan pelapis'),
(631, 23, 'Kaca,pintu dan panel'),
(632, 23, 'Karpet dan peredam'),
(633, 23, 'Kemudi dan perseneling'),
(634, 23, 'Lampu'),
(635, 23, 'LCD dan TV Tuners'),
(636, 23, 'Oli dan pelumas otomotif lainnya'),
(637, 23, 'Performa mesin'),
(638, 23, 'Perlengkapan darurat'),
(639, 23, 'Perlengkapan Offroad'),
(640, 23, 'Speaker dan Subwoofer'),
(641, 23, 'Velg dan ban'),
(642, 24, 'Onderdil Audi'),
(643, 24, 'Onderdil BMW'),
(644, 24, 'Onderdil Bus'),
(645, 24, 'Onderdil Chery'),
(646, 24, 'Onderdil Chevrolet'),
(647, 24, 'Onderdil Chrysler'),
(648, 24, 'Onderdil Citroen'),
(649, 24, 'Onderdil Daewoo'),
(650, 24, 'Onderdil Daihatsu'),
(651, 24, 'Onderdil Datsun'),
(652, 24, 'Onderdil Ferrari'),
(653, 24, 'Onderdil Fiat'),
(654, 24, 'Onderdil Ford'),
(655, 24, 'Onderdil Foton'),
(656, 24, 'Onderdil Geely'),
(657, 24, 'Onderdil Holden'),
(658, 24, 'Onderdil Honda'),
(659, 24, 'Onderdil Hummer'),
(660, 24, 'Onderdil Hyundai'),
(661, 24, 'Onderdil Infiniti'),
(662, 24, 'Onderdil Isuzu'),
(663, 24, 'Onderdil Jaguar'),
(664, 24, 'Onderdil Jeep'),
(665, 24, 'Onderdil Kia'),
(666, 24, 'Onderdil Klasik dan Antik'),
(667, 24, 'Onderdil Lainya'),
(668, 24, 'Onderdil Land Rover'),
(669, 24, 'Onderdil Lexus'),
(670, 24, 'Onderdil Mazda'),
(671, 24, 'Onderdil Mercedes-Benz'),
(672, 24, 'Onderdil Mini cooper'),
(673, 24, 'Onderdil Mitsubishi'),
(674, 24, 'Onderdil Mobil CBU'),
(675, 24, 'Onderdil Nissan'),
(676, 24, 'Onderdil Opel'),
(677, 24, 'Onderdil Peugeot'),
(678, 24, 'Onderdil Porsche'),
(679, 24, 'Onderdil Proton'),
(680, 24, 'Onderdil Renault'),
(681, 24, 'Onderdil Rolls-Royce'),
(682, 24, 'Onderdil Ssang Yong'),
(683, 24, 'Onderdil Subaru'),
(684, 24, 'Onderdil Suzuki'),
(685, 24, 'Onderdil Timor'),
(686, 24, 'Onderdil Toyota'),
(687, 24, 'Onderdil Truk'),
(688, 24, 'Onderdil Volkswagen'),
(689, 24, 'Onderdil Volvo'),
(690, 25, 'Aprilia'),
(691, 25, 'Bajaj'),
(692, 25, 'Benelli'),
(693, 25, 'BMW'),
(694, 25, 'Ducati'),
(695, 25, 'Gilera'),
(696, 25, 'Harley Davidson'),
(697, 25, 'Helm'),
(698, 25, 'Honda'),
(699, 25, 'Husqvarna'),
(700, 25, 'Hyosung'),
(701, 25, 'Jialing'),
(702, 25, 'Kanzen'),
(703, 25, 'Kawasaki'),
(704, 25, 'Kreidler'),
(705, 25, 'KTM'),
(706, 25, 'Kymco'),
(707, 25, 'Lain lain'),
(708, 25, 'Minerva'),
(709, 25, 'Motor Guzzi'),
(710, 25, 'OffCross'),
(711, 25, 'Pakaian &amp; Aksesoris Balap'),
(712, 25, 'Peugeot'),
(713, 25, 'Piaggio'),
(714, 25, 'Puch'),
(715, 25, 'Quads dan Trikes'),
(716, 25, 'Racing parts'),
(717, 25, 'Sanex'),
(718, 25, 'Suku cadang Moped'),
(719, 25, 'Suku cadang Motor'),
(720, 25, 'Suku cadang Skuter'),
(721, 25, 'Suzuki'),
(722, 25, 'Tempo Doeloe'),
(723, 25, 'Tomos'),
(724, 25, 'Tossa'),
(725, 25, 'Triumph'),
(726, 25, 'TVS'),
(727, 25, 'Vespa'),
(728, 25, 'Viar'),
(729, 25, 'Victory'),
(730, 25, 'Yamaha'),
(731, 25, 'Zundapp'),
(732, 29, 'Aksesoris, Batere dan Tripod'),
(733, 29, 'Alat Stereo Lengkap'),
(734, 29, 'Amplifier'),
(735, 29, 'Antena dan Parabola'),
(736, 29, 'CD/CD-I/LD player'),
(737, 29, 'Diversi dan Remaining'),
(738, 29, 'DVD/VCD/CD/Video Player'),
(739, 29, 'Handycam dan Video Kamera Hi8'),
(740, 29, 'Headphone'),
(741, 29, 'Home Theater'),
(742, 29, 'Karaoke Player'),
(743, 29, 'Lampu Sorot'),
(744, 29, 'Layar proyektor'),
(745, 29, 'LCD LED'),
(746, 29, 'Mini Disc Player'),
(747, 29, 'MP3 Player'),
(748, 29, 'MP4 Player'),
(749, 29, 'Pemancar Audio &amp; Video'),
(750, 29, 'Perlengkapan Video Profesional'),
(751, 29, 'Power dan amplifier'),
(752, 29, 'Proyektor Film'),
(753, 29, 'Radio'),
(754, 29, 'Speaker, Kabel dan Gantungan speaker'),
(755, 29, 'Tape Deck dan DCC'),
(756, 29, 'Tape-rekorder'),
(757, 29, 'Televisi'),
(758, 29, 'Turntables'),
(759, 29, 'Video Kamera dan player S-VHS'),
(760, 29, 'Video Kamera Digital'),
(761, 29, 'Video Kamera S-VHS'),
(762, 29, 'Video Kamera VHS'),
(763, 29, 'Video Player-Rekorder'),
(764, 29, 'Video Rekorder dan Player VHS'),
(765, 29, 'Walkman dan Cd-Walkman'),
(766, 30, 'Aksesoris'),
(767, 30, 'Kegiatan olahraga, tour dan santai pria'),
(768, 30, 'Kegiatan olahraga, tour dan santai wanita'),
(769, 30, 'Perbaikan'),
(770, 30, 'Roda tambahan pada sepeda'),
(771, 30, 'Sepeda anak laki'),
(772, 30, 'Sepeda anak perempuan'),
(773, 30, 'Sepeda balap'),
(774, 30, 'Sepeda bermesin'),
(775, 30, 'Sepeda BMX'),
(776, 30, 'Sepeda gunung dan outdoor'),
(777, 30, 'Sepeda multifungsi'),
(778, 30, 'Sepeda Pria'),
(779, 30, 'Sepeda tempo doloe'),
(780, 30, 'Sepeda tiga roda'),
(781, 30, 'Sepeda tiga roda anak anak'),
(782, 30, 'Sepeda wanita'),
(783, 30, 'Suku cadang'),
(784, 31, 'CD Artis Indonesia'),
(785, 31, 'CD Blues'),
(786, 31, 'CD Classic'),
(787, 31, 'CD Collection'),
(788, 31, 'CD Country'),
(789, 31, 'CD Dance'),
(790, 31, 'CD House'),
(791, 31, 'CD Instrumental'),
(792, 31, 'CD Jazz'),
(793, 31, 'CD Kabaret'),
(794, 31, 'CD Kolektor'),
(795, 31, 'CD Lainnya'),
(796, 31, 'CD Pop'),
(797, 31, 'CD R&amp;b dan Rap'),
(798, 31, 'CD Reggae'),
(799, 31, 'CD Rock &amp; Metal'),
(800, 31, 'CD Singles'),
(801, 31, 'CD Soundtracks dan Musikal'),
(802, 31, 'Kaset Musik'),
(803, 31, 'Piringan Hitam 12-inch Maxi'),
(804, 31, 'Piringan Hitam 7-inch Single'),
(805, 31, 'Piringan Hitam Artis Indonesia'),
(806, 31, 'Piringan Hitam Blues'),
(807, 31, 'Piringan Hitam Classic'),
(808, 31, 'Piringan Hitam Collection'),
(809, 31, 'Piringan Hitam Country'),
(810, 31, 'Piringan Hitam Disco'),
(811, 31, 'Piringan Hitam House'),
(812, 31, 'Piringan Hitam Instrumental'),
(813, 31, 'Piringan Hitam Jazz'),
(814, 31, 'Piringan Hitam Kolektor'),
(815, 31, 'Piringan Hitam Lainnya'),
(816, 31, 'Piringan Hitam Pop'),
(817, 31, 'Piringan Hitam R&amp;B dan Rap'),
(818, 31, 'Piringan Hitam Rock dan Metal'),
(819, 31, 'Piringan Hitam Soundtracks dan Musikal'),
(820, 31, 'Tiket Konser'),
(821, 32, 'Aksesoris'),
(822, 32, 'Alat Komunikasi'),
(823, 32, 'Jetski dan MotorAir'),
(824, 32, 'Kano'),
(825, 32, 'Katamarans dan Trimarans'),
(826, 32, 'Kereta Gandeng'),
(827, 32, 'Liburan dan Penyewaan Perahu'),
(828, 32, 'Mancing'),
(829, 32, 'Mesin'),
(830, 32, 'Motor Boats/Yachts'),
(831, 32, 'Pebuhan/Dermaga'),
(832, 32, 'Perahu Karet dan Dayung'),
(833, 32, 'Perahu Klasik'),
(834, 32, 'Perahu Layar'),
(835, 32, 'Perahu Memancing'),
(836, 32, 'Perahu Olahraga/Cepat'),
(837, 32, 'Sekoci'),
(838, 32, 'Selam dan Perlatan'),
(839, 32, 'Ski Air'),
(840, 32, 'Suku cadang Perahu'),
(841, 32, 'Surfing'),
(842, 32, 'Yachts'),
(843, 32, 'Yang Umum dan lainnya'),
(844, 33, 'Atletik'),
(845, 33, 'Basket'),
(846, 33, 'Beladiri'),
(847, 33, 'Biliard'),
(848, 33, 'Bowling'),
(849, 33, 'Bulutangkis'),
(850, 33, 'Darts'),
(851, 33, 'Dayung'),
(852, 33, 'Gokart'),
(853, 33, 'Golf'),
(854, 33, 'Hoki'),
(855, 33, 'Kegiatan olahraga di rumah'),
(856, 33, 'Lain lain'),
(857, 33, 'Layang layang'),
(858, 33, 'Menembak &amp; Panahan '),
(859, 33, 'Olahraga dan kegiatan gunung'),
(860, 33, 'Olahraga Rekreasi - Combat'),
(861, 33, 'Pakaian Olahraga'),
(862, 33, 'Panjat tebing'),
(863, 33, 'Papan Salju'),
(864, 33, 'Paragliding'),
(865, 33, 'Peralatan Fitness'),
(866, 33, 'Peralatan Ski'),
(867, 33, 'Perlengkapan olah raga'),
(868, 33, 'Pijat'),
(869, 33, 'Renang'),
(870, 33, 'Rugby &amp; Football'),
(871, 33, 'Rugby/Sepakbola Amerika'),
(872, 33, 'Sepakbola'),
(873, 33, 'Skateboard dan Rollerskate'),
(874, 33, 'Squash'),
(875, 33, 'Tenis'),
(876, 33, 'Tenis Meja'),
(877, 34, 'Agrikultur'),
(878, 34, 'Asuransi dan Tempat Tinggal'),
(879, 34, 'Bisnis Online'),
(880, 34, 'Bisnis Pulsa'),
(881, 34, 'Bisnis Real Estate'),
(882, 34, 'Franchising'),
(883, 34, 'Grosir'),
(884, 34, 'Hotel &amp; Industri Katering Industry'),
(885, 34, 'Internet Domains'),
(886, 34, 'Inventaris'),
(887, 34, 'Keuangan'),
(888, 34, 'Korporasi'),
(889, 34, 'Lain lain'),
(890, 34, 'Pelayanan Mobile'),
(891, 34, 'Tekstil'),
(892, 34, 'Transaksi antar toko'),
(893, 35, 'Aksesoris Komputer'),
(894, 35, 'Apple Macintosh'),
(895, 35, 'BD-ROM / BD-RW Drive'),
(896, 35, 'Casings &amp; Power Supplies'),
(897, 35, 'CD-R/W &amp; DVD-R/W'),
(898, 35, 'Flash Disk'),
(899, 35, 'Grosir CD/DVD kosong'),
(900, 35, 'HardDisk, Floopy, dan lain lain'),
(901, 35, 'Hardisk Portable '),
(902, 35, 'IP Kamera dan VoIP'),
(903, 35, 'Kabel dan konektor jaringan'),
(904, 35, 'Keyboard, Mouse, Joystick dan lain lain'),
(905, 35, 'Komputer Model Awal'),
(906, 35, 'Komputer Pentium IV dan Lebih Baru'),
(907, 35, 'Komputer Rakitan'),
(908, 35, 'Komputerset AMD'),
(909, 35, 'Komputerset Pentium II dan yg sebelumnya'),
(910, 35, 'Komputerset Pentium III dan yg lebih tinggi'),
(911, 35, 'Meja Komputer'),
(912, 35, 'Memory (SIMM dan DIMM dan lain lain)'),
(913, 35, 'Modems, Routers dan Firewalls'),
(914, 35, 'Monitors CRT'),
(915, 35, 'Monitors TFT/LCD/Plasma'),
(916, 35, 'Motherboards'),
(917, 35, 'Notebook Mini / Netbook / UMPC'),
(918, 35, 'Notebooks dan Laptops'),
(919, 35, 'PC Station '),
(920, 35, 'PDA Smartphones dan Organizers'),
(921, 35, 'Perbaikan'),
(922, 35, 'Perlengkapan/Alat Networking'),
(923, 35, 'Pernak pernik lainnya'),
(924, 35, 'Plotter'),
(925, 35, 'Printer dan cartridge'),
(926, 35, 'Printers'),
(927, 35, 'Processors'),
(928, 35, 'Proyektor'),
(929, 35, 'Scanners'),
(930, 35, 'Server'),
(931, 35, 'Soundcard, Speaker dan MIDI'),
(932, 35, 'Storage Server / NAS'),
(933, 35, 'Tinta Printer dan Box'),
(934, 35, 'TV / FM Tuner'),
(935, 35, 'Unix'),
(936, 35, 'Videocards'),
(937, 35, 'Vinyl Cutter'),
(938, 35, 'Web Kamera'),
(939, 35, 'Workstation'),
(940, 36, 'Akunting'),
(941, 36, 'Aplikasi perkantoran'),
(942, 36, 'Developer &amp; internet'),
(943, 36, 'Game &amp; hiburan'),
(944, 36, 'GIS/mapping/arsitektur'),
(945, 36, 'Graphic &amp; publisher'),
(946, 36, 'Lain lain'),
(947, 36, 'OEM Untuk komputer baru'),
(948, 36, 'Security &amp; anti virus'),
(949, 36, 'Sistem operasi komputer'),
(950, 36, 'Utilities'),
(951, 36, 'Video Tutorial komputer'),
(952, 37, 'Pilih Sub Section ...'),
(953, 37, 'Aneka Meja Lemari/Laci dan Meja TV'),
(954, 37, 'Aneka Set Meja dan Kursi'),
(955, 37, 'Cermin'),
(956, 37, 'Dapur'),
(957, 37, 'Design'),
(958, 37, 'Hiasan Dinding'),
(959, 37, 'Jam'),
(960, 37, 'Karpet'),
(961, 37, 'Lain lain'),
(962, 37, 'Lampu dan spotlights'),
(963, 37, 'Meja dan Kursi'),
(964, 37, 'Perabotan dan Furniture'),
(965, 37, 'Perlengkapan Jamuan Makan Malam'),
(966, 37, 'Perlengkapan Kamar Mandi'),
(967, 37, 'Permadani '),
(968, 37, 'Selimut &amp; Perlengkapan tempat tidur'),
(969, 37, 'Sofa'),
(970, 37, 'Sofa beds'),
(971, 37, 'Tempat tidur'),
(972, 37, 'Tirai'),
(973, 38, 'Apartemen'),
(974, 38, 'Gudang'),
(975, 38, 'Hotel dan villa'),
(976, 38, 'Indekost'),
(977, 38, 'Lainnya dari Properti'),
(978, 38, 'Pabrik dan industri'),
(979, 38, 'Ruang kantor'),
(980, 38, 'Ruko dan Kios'),
(981, 38, 'Rumah'),
(982, 38, 'Tanah'),
(983, 39, 'Antik sebelum 1900'),
(984, 39, 'Bangun ulang - Repro'),
(985, 39, 'Fabric / Textile'),
(986, 39, 'Furniture'),
(987, 39, 'Jam'),
(988, 39, 'Kaligrafi'),
(989, 39, 'Keramik '),
(990, 39, 'Lampu'),
(991, 39, 'Lukisan Religi'),
(992, 39, 'Paintings after 1900'),
(993, 39, 'Paintings before 1900'),
(994, 39, 'Patung &amp; Kerajinan kayu'),
(995, 39, 'Patung Religi'),
(996, 39, 'Perabot Antik'),
(997, 39, 'Pot &amp; Guci'),
(998, 39, 'Radio Antik'),
(999, 39, 'Ragam Amerika'),
(1000, 39, 'Ragam Asia'),
(1001, 39, 'Ragam Eropa'),
(1002, 39, 'Seni Art Deco'),
(1003, 39, 'Seni Art Nouveau'),
(1004, 40, 'Kursus &amp; Pendidikan'),
(1005, 40, 'Lain Lain'),
(1006, 40, 'Mesin &amp; Keperluan Industri'),
(1007, 41, 'Kabel dan Aksesoris Telepon'),
(1008, 41, 'Lainnya dari Telekom'),
(1009, 41, 'Mesin Fax'),
(1010, 41, 'Mesin Penjawab Telepon'),
(1011, 41, 'PABX dan Switchboards'),
(1012, 41, 'Radio Komunikasi 2 Arah'),
(1013, 41, 'Teleconference Audio Video'),
(1014, 41, 'Telepon'),
(1015, 41, 'Telepon Satelit'),
(1016, 41, 'VoIP dan Aksesoris'),
(1017, 41, 'Walkie Talkie dan Handy Talkie');

-- --------------------------------------------------------

--
-- Table structure for table `user`
--

CREATE TABLE IF NOT EXISTS `user` (
  `id_user` int(11) NOT NULL AUTO_INCREMENT,
  `username` varchar(255) NOT NULL,
  `password` varchar(255) NOT NULL,
  `nama_lengkap` varchar(255) NOT NULL,
  `id_provinsi` varchar(255) NOT NULL,
  `id_kabkota` varchar(255) NOT NULL,
  `alamat` varchar(1000) DEFAULT NULL,
  `email` varchar(255) NOT NULL,
  `fb` varchar(255) NOT NULL,
  `yahoo` varchar(255) NOT NULL,
  `twitter` varchar(255) NOT NULL,
  `bio` varchar(255) NOT NULL,
  `tlp` varchar(255) NOT NULL,
  `pin_bb` varchar(255) NOT NULL,
  `kode_pos` varchar(255) NOT NULL,
  `photo` varchar(255) NOT NULL,
  `tgl_gabung` date NOT NULL,
  `status_dipercaya` varchar(255) NOT NULL,
  `tampilkan_no_tlp` varchar(255) NOT NULL,
  PRIMARY KEY (`id_user`)
) ENGINE=InnoDB  DEFAULT CHARSET=latin1 AUTO_INCREMENT=2 ;

--
-- Dumping data for table `user`
--

INSERT INTO `user` (`id_user`, `username`, `password`, `nama_lengkap`, `id_provinsi`, `id_kabkota`, `alamat`, `email`, `fb`, `yahoo`, `twitter`, `bio`, `tlp`, `pin_bb`, `kode_pos`, `photo`, `tgl_gabung`, `status_dipercaya`, `tampilkan_no_tlp`) VALUES
(1, 'giri', '123', '', '', '', 'Jalan G. Bromo 1', 'oberon4mine@yahoo.com', '', '', '', '', '085251059399', '', '', '', '0000-00-00', '', '');
